motif,theta
aaa,-15.4369520795
aac,-2.54141397969
aag,-15.4369520824
aat,-15.4369520821
aca,-15.4369520846
acc,-3.5161555272
acg,-15.4369520537
act,-15.4369520985
aga,-15.4369520973
agc,-2.447383402
agg,-15.436952086
agt,-15.4369520978
ata,-15.436952079
atc,-3.44486319931
atg,-15.4369520851
att,-15.4369520815
caa,-15.4369520821
cac,-3.17936130725
cag,-15.4369522375
cat,-15.4369520846
cca,-15.4369521119
ccc,-4.78244941344
ccg,-15.436952051
cct,-15.436952086
cga,-15.4369520499
cgc,-3.33514035385
cgg,-15.4369520511
cgt,-15.4369520533
cta,-15.4369520731
ctc,-3.93942268968
ctg,-15.4369522588
ctt,-15.4369520826
gaa,-15.4369520813
gac,-4.22503309274
gag,-15.4369520901
gat,-15.4369520899
gca,-15.4369520912
gcc,-4.65613012166
gcg,-15.43695205
gct,-15.436952085
gga,-15.4369520903
ggc,-3.88086749597
ggg,-15.4369520797
ggt,-15.4369520826
gta,-15.4369520811
gtc,-4.20126899576
gtg,-15.4369520854
gtt,-15.4369520788
taa,-15.4369520795
tac,-2.19308655695
tag,-15.4369520731
tat,-15.4369520784
tca,-15.4369520906
tcc,-3.97857791151
tcg,-15.4369520498
tct,-15.4369520963
tga,-15.4369520921
tgc,-2.67490862504
tgg,-15.4369521121
tgt,-15.4369520853
tta,-15.4369520788
ttc,-3.84106682968
ttg,-15.4369520826
ttt,-15.4369520796
